ID,Target Pressure (bar)
0,0.23297746
1,0.24506456
2,0.3821101
3,0.3462533
4,0.29562297
5,0.20331323
6,0.13510285
7,0.13780354
8,0.25594747
9,1.2544111
10,1.2603302
11,1.1831081
12,1.5164543
13,1.5090507
14,1.4528656
15,1.3061289
16,1.285285
17,1.2689824
18,0.7949243
19,0.8095205
20,0.9110917
21,0.6318129
22,0.68793124
23,0.47620586
24,0.43046212
25,0.43209416
26,0.4290396
27,0.08308486
28,0.06805804
29,0.055971865
30,0.03506314
31,0.022950627
32,0.025394427
33,0.034892075
34,0.029407645
35,0.033930235
36,0.37973374
37,0.20247476
38,0.15447935
39,0.5067499
40,0.21296372
41,0.15363638
42,0.28588834
43,0.1850966
44,0.1061317
45,0.22537722
46,0.15328163
47,0.094541624
48,0.06946475
49,0.05347418
50,0.052372564
51,0.09509686
52,0.06593556
53,0.052977446
54,0.1394939
55,0.15964614
56,0.15647708
57,0.12133678
58,0.13080148
59,0.12176249
60,0.091115266
61,0.10821765
62,0.110710576
63,0.8759025
64,0.75108045
65,0.5444574
66,0.8432437
67,0.7612244
68,0.4953071
69,0.7104858
70,0.6484204
71,0.42966208
72,0.5326766
73,0.47723213
74,0.3552963
75,0.24691184
76,0.1824555
77,0.17921379
78,0.27694213
79,0.23379515
80,0.1981927
81,0.09760006
82,0.099053234
83,0.10742661
84,0.05118442
85,0.04638183
86,0.04506311
87,0.03294539
88,0.03365276
89,0.048921015
90,0.39128318
91,0.36296213
92,0.2984459
93,0.32483974
94,0.30887
95,0.26596877
96,0.23659788
97,0.21335244
98,0.16578847
99,0.28604072
100,0.2689209
101,0.21136774
102,0.16112754
103,0.10914859
104,0.07121014
105,0.08246295
106,0.07765829
107,0.06877927
108,0.14133635
109,0.14305276
110,0.17241932
111,0.097201064
112,0.08586982
113,0.08675745
114,0.057502672
115,0.05952032
116,0.10374922
117,1.1248993
118,0.9033734
119,0.7433952
120,0.948112
121,0.7971351
122,0.70997405
123,0.6052934
124,0.61590666
125,0.47772488
126,0.5865009
127,0.5698309
128,0.4524134
129,0.28161412
130,0.22422312
131,0.16486166
132,0.16570222
133,0.16603859
134,0.1624983
135,0.11283528
136,0.12632713
137,0.14730275
138,0.06493172
139,0.06519329
140,0.05715551
141,0.046207182
142,0.053835038
143,0.06346337
144,0.58130544
145,0.5161674
146,0.39642224
147,0.6165733
148,0.5598804
149,0.369954
150,0.3835368
151,0.388823
152,0.31214184
153,0.3407418
154,0.35578275
155,0.2930045
156,0.17759627
157,0.09982424
158,0.10481627
159,0.1074231
160,0.11750915
161,0.09919537
162,0.16426504
163,0.16182646
164,0.16495793
165,0.120585345
166,0.115834415
167,0.098556206
168,0.07008837
169,0.069919944
170,0.08917004
171,1.062326
172,0.66051555
173,0.58766025
174,1.3296714
175,0.71287155
176,0.61346
177,0.9177735
178,0.620286
179,0.53962106
180,0.5985662
181,0.45344567
182,0.2951741
183,0.15684979
184,0.13839561
185,0.14030626
186,0.19170024
187,0.1522922
188,0.12982368
189,0.089394785
190,0.08759432
191,0.08372217
192,0.0729541
193,0.06410897
194,0.060274277
195,0.053334855
196,0.050576277
197,0.06150403
198,0.4164834
199,0.3803549
200,0.28530517
201,0.42209193
202,0.38777968
203,0.28320703
204,0.36230403
205,0.3231094
206,0.23646855
207,0.27351946
208,0.2449918
209,0.17470254
210,0.12384383
211,0.10589569
212,0.1057876
213,0.13145897
214,0.12639073
215,0.10465205
216,0.115860574
217,0.11519245
218,0.13729115
219,0.08959931
220,0.0717403
221,0.06600418
222,0.068144076
223,0.06377208
224,0.086027324
225,0.4140725
226,0.41469622
227,0.40053633
228,0.38614428
229,0.38424727
230,0.35222816
231,0.33598045
232,0.33014277
233,0.31534535
234,0.31082842
235,0.30866745
236,0.2842232
237,0.21869329
238,0.15796287
239,0.15590017
240,0.13250484
241,0.13354032
242,0.1443386
243,0.24068384
244,0.24328622
245,0.2318423
246,0.25166216
247,0.24270795
248,0.20565106
249,0.180795
250,0.18813561
251,0.20683652
252,1.6821271
253,1.397995
254,1.0655377
255,1.6964879
256,1.4011102
257,1.0580316
258,1.5724483
259,1.1944585
260,0.8034304
261,1.1981926
262,1.0473604
263,0.55502766
264,0.33917266
265,0.2980885
266,0.27884045
267,0.5417353
268,0.40365914
269,0.28271767
270,0.09085913
271,0.092166044
272,0.096065655
273,0.06400524
274,0.05616041
275,0.053671073
276,0.05138341
277,0.050178923
278,0.06312615
279,0.38728884
280,0.3954452
281,0.3854937
282,0.3791565
283,0.3882026
284,0.33661962
285,0.27310115
286,0.29703757
287,0.29636008
288,0.28460902
289,0.28952694
290,0.26209426
291,0.1650596
292,0.13038595
293,0.10647428
294,0.09484235
295,0.10570702
296,0.1053875
297,0.11111254
298,0.10374367
299,0.110706486
300,0.087660804
301,0.08606628
302,0.08112982
303,0.07670228
304,0.075000696
305,0.08490034
306,0.56550825
307,0.5422983
308,0.40088677
309,0.5882366
310,0.5475867
311,0.4132916
312,0.53764594
313,0.50090075
314,0.3455284
315,0.38618663
316,0.35592526
317,0.23322995
318,0.19809318
319,0.20137271
320,0.16972668
321,0.22647163
322,0.18030342
323,0.16989052
324,0.12106529
325,0.12180095
326,0.14250828
327,0.099723995
328,0.09054765
329,0.080417044
330,0.07827684
331,0.077635884
332,0.08986413
333,0.5278487
334,0.49139574
335,0.42605892
336,0.48587957
337,0.45890608
338,0.40446943
339,0.44100338
340,0.40031913
341,0.3522368
342,0.35325512
343,0.34035906
344,0.2711584
345,0.21433789
346,0.16369136
347,0.16812645
348,0.19658506
349,0.19585402
350,0.1818626
351,0.20143041
352,0.20772626
353,0.22283447
354,0.12863643
355,0.11399337
356,0.11214307
357,0.082691245
358,0.08667234
359,0.115396336
360,0.811529
361,0.66722757
362,0.66280085
363,1.2132466
364,0.9788703
365,0.6458267
366,0.74391454
367,0.641628
368,0.5410525
369,0.519837
370,0.49913427
371,0.38914356
372,0.22050305
373,0.20991021
374,0.18332571
375,0.20616993
376,0.2053884
377,0.18415853
378,0.14870888
379,0.13692556
380,0.11687724
381,0.1118486
382,0.10049473
383,0.09567052
384,0.08191116
385,0.080406
386,0.083087824
387,1.5173386
388,0.6871435
389,0.37414765
390,1.4065703
391,0.6247555
392,0.38166606
393,1.0642838
394,0.50096184
395,0.33806118
396,0.71853703
397,0.4009646
398,0.26636794
399,0.14667293
400,0.13198441
401,0.12892587
402,0.30424836
403,0.18945087
404,0.13948916
405,0.10933521
406,0.11269313
407,0.12270443
408,0.06161079
409,0.064329185
410,0.06740841
411,0.051165033
412,0.05198208
413,0.07250091
414,0.50416756
415,0.44398156
416,0.35027543
417,0.47601262
418,0.4161021
419,0.3334073
420,0.4093055
421,0.3724647
422,0.29676032
423,0.35709348
424,0.35736188
425,0.26068756
426,0.17232609
427,0.12013985
428,0.12290362
429,0.1466157
430,0.13419423
431,0.123237886
432,0.1327437
433,0.14494352
434,0.17600834
435,0.12685814
436,0.12887089
437,0.10892957
438,0.08325035
439,0.08693221
440,0.109273046
441,0.4999705
442,0.49544996
443,0.48048237
444,0.44186968
445,0.4257604
446,0.38967302
447,0.3537384
448,0.34804776
449,0.31777462
450,0.3171516
451,0.30652288
452,0.31599623
453,0.28875616
454,0.1884466
455,0.1656714
456,0.15259027
457,0.15470457
458,0.15669246
459,0.06697766
460,0.06779648
461,0.0700829
462,0.041614294
463,0.037662607
464,0.039112173
465,0.040542487
466,0.038176987
467,0.053075157
468,0.25192264
469,0.23896252
470,0.22441447
471,0.24550025
472,0.23627296
473,0.20686135
474,0.21280812
475,0.21036167
476,0.16427329
477,0.16626517
478,0.16200297
479,0.10558775
480,0.08568606
481,0.07867635
482,0.07252272
483,0.0767125
484,0.07158453
485,0.07254144
486,0.11170434
487,0.109958015
488,0.119040936
489,0.06725073
490,0.068938166
491,0.06401847
492,0.06310695
493,0.057725128
494,0.07534946
495,0.5086996
496,0.45290756
497,0.36230272
498,0.4882208
499,0.41867822
500,0.35073555
501,0.4659852
502,0.3651843
503,0.29178938
504,0.38512468
505,0.3416697
506,0.2587674
507,0.19870327
508,0.13818933
509,0.13334998
510,0.16507357
511,0.13398047
512,0.13177262
513,0.08564741
514,0.086321004
515,0.09419892
516,0.059872545
517,0.056281783
518,0.051714115
519,0.047560766
520,0.04554942
521,0.055361852
522,0.44749525
523,0.36739206
524,0.3266648
525,0.47865167
526,0.32794014
527,0.28803656
528,0.4075144
529,0.310314
530,0.23414314
531,0.28280067
532,0.26399598
533,0.19835651
534,0.15397309
535,0.11279179
536,0.10722631
537,0.118835755
538,0.11311484
539,0.1026116
540,0.06569372
541,0.068890385
542,0.075706296
543,0.053158183
544,0.054399405
545,0.05623322
546,0.048635986
547,0.051160924
548,0.067863435
549,0.25586793
550,0.25712904
551,0.23270008
552,0.2693984
553,0.2664852
554,0.23511322
555,0.2488438
556,0.25463012
557,0.20397335
558,0.18934916
559,0.1828539
560,0.11956308
561,0.11396909
562,0.1040279
563,0.1067092
564,0.105801545
565,0.108118355
566,0.10733938
567,0.09235339
568,0.07977127
569,0.076373875
570,0.062091075
571,0.050758105
572,0.053747132
573,0.052578874
574,0.04560496
575,0.05017131
576,0.36760235
577,0.32139707
578,0.26090488
579,0.34035474
580,0.27485687
581,0.22136284
582,0.28639904
583,0.21641786
584,0.16985127
585,0.23611829
586,0.19546795
587,0.15691596
588,0.10904965
589,0.08371461
590,0.07646358
591,0.12757331
592,0.08985813
593,0.0785274
594,0.12624012
595,0.12944256
596,0.15417014
597,0.10702487
598,0.090705074
599,0.088431016
600,0.06506018
601,0.0633426
602,0.08604203
603,1.0624747
604,0.97167253
605,0.73654556
606,0.88119274
607,0.84280646
608,0.6593802
609,0.44266683
610,0.41016674
611,0.32370257
612,0.49822092
613,0.4402452
614,0.31555563
615,0.25737128
616,0.22264303
617,0.1456591
618,0.14331377
619,0.138618
620,0.1435116
621,0.18405378
622,0.18760037
623,0.214871
624,0.17619893
625,0.16229309
626,0.13153912
627,0.0771503
628,0.08321689
629,0.097381175
630,1.1320227
631,1.0981616
632,0.8037405
633,1.4021842
634,1.3734562
635,1.0318826
636,0.90683365
637,0.8387078
638,0.70972
639,0.8067764
640,0.76462543
641,0.51501006
642,0.37758997
643,0.39037246
644,0.3078124
645,0.39359176
646,0.3891193
647,0.30734357
648,0.089246675
649,0.091877095
650,0.09283387
651,0.08600724
652,0.086630486
653,0.088076636
654,0.06339169
655,0.062207792
656,0.06737176
657,0.5341155
658,0.43118075
659,0.27987006
660,0.57289827
661,0.4647832
662,0.28905863
663,0.517565
664,0.37998822
665,0.25025514
666,0.29478058
667,0.28072196
668,0.21438222
669,0.12978245
670,0.1028741
671,0.09945204
672,0.15157135
673,0.1343765
674,0.1069957
675,0.2518644
676,0.24775657
677,0.35051885
678,0.35453835
679,0.28265575
680,0.18481097
681,0.14247477
682,0.13025196
683,0.22656977
684,1.475977
685,1.3358198
686,1.2181475
687,1.5741365
688,1.449805
689,1.3496618
690,1.3671737
691,1.2032424
692,1.1961555
693,0.9781166
694,0.9329053
695,0.93441826
696,0.6274002
697,0.5889976
698,0.47846928
699,0.52010345
700,0.43677542
701,0.41504803
702,0.08157651
703,0.07970239
704,0.07822065
705,0.039554283
706,0.035738286
707,0.036787257
708,0.03804909
709,0.03582088
710,0.04120403
711,0.3096162
712,0.25997725
713,0.19407043
714,0.2676398
715,0.19625881
716,0.14455034
717,0.25064278
718,0.19376221
719,0.14073631
720,0.23932989
721,0.2035344
722,0.1520997
723,0.11664953
724,0.070537165
725,0.07010017
726,0.09858233
727,0.07812216
728,0.07116459
729,0.106922574
730,0.120284714
731,0.118640445
732,0.043721594
733,0.054541294
734,0.056013644
735,0.038555726
736,0.046514973
737,0.06509495
738,0.54139954
739,0.5444603
740,0.36767066
741,0.41685197
742,0.3999245
743,0.27987793
744,0.21996394
745,0.24064104
746,0.2268112
747,0.3763126
748,0.35340396
749,0.2519271
750,0.17977016
751,0.10851433
752,0.09264139
753,0.07850789
754,0.09633773
755,0.09308902
756,0.0998377
757,0.09992441
758,0.119431905
759,0.08045074
760,0.07135043
761,0.07410235
762,0.0731822
763,0.068890095
764,0.085561275
765,0.61179787
766,0.56330264
767,0.51837575
768,1.4259878
769,1.3533823
770,1.192995
771,0.48971838
772,0.44217822
773,0.40627444
774,0.26980087
775,0.24894264
776,0.22304496
777,0.20587507
778,0.2527306
779,0.1805249
780,0.16259344
781,0.16465472
782,0.16559307
783,0.09237278
784,0.104307786
785,0.105081975
786,0.047133293
787,0.045648284
788,0.042963266
789,0.030932415
790,0.033091202
791,0.04726151
792,0.5888808
793,0.40676197
794,0.24282886
795,0.9522047
796,0.48403794
797,0.23664725
798,0.3197099
799,0.2991895
800,0.19794522
801,0.2570349
802,0.23579371
803,0.17588827
804,0.114510834
805,0.088966645
806,0.084037386
807,0.08672615
808,0.09227242
809,0.081928335
810,0.0909158
811,0.096857056
812,0.10348725
813,0.060502697
814,0.055678666
815,0.04930902
816,0.044161282
817,0.04422705
818,0.051676247
819,0.42279133
820,0.37026086
821,0.27548897
822,0.36164886
823,0.29406187
824,0.2392289
825,0.32630318
826,0.2706847
827,0.19074064
828,0.26946265
829,0.23945343
830,0.19652708
831,0.16302416
832,0.107805595
833,0.1021874
834,0.13585457
835,0.12458471
836,0.10183572
837,0.34345382
838,0.329548
839,0.38537917
840,0.42742705
841,0.36223242
842,0.2729707
843,0.18128623
844,0.16037738
845,0.2636227
846,1.5883871
847,1.4366362
848,1.3976562
849,1.7160714
850,1.6177408
851,1.5443588
852,1.528562
853,1.2982494
854,1.2370623
855,1.2165747
856,1.1790057
857,1.0932051
858,0.64918965
859,0.71696395
860,0.52445734
861,0.53975946
862,0.5222861
863,0.5304512
864,0.079738155
865,0.08095513
866,0.10693046
867,0.043608457
868,0.037241824
869,0.0389607
870,0.028692994
871,0.027130801
872,0.050132856
873,0.3619061
874,0.3627648
875,0.31446156
876,0.27609426
877,0.2671432
878,0.20669402
879,0.19159086
880,0.18506052
881,0.15372899
882,0.1989328
883,0.20074914
884,0.18929452
885,0.16582201
886,0.12126822
887,0.07753213
888,0.065635644
889,0.066105634
890,0.071973264
891,0.22967541
892,0.14572942
893,0.14145076
894,0.25530794
895,0.16021542
896,0.1515365
897,0.18967599
898,0.105525054
899,0.11211282
900,1.2789677
901,0.59757847
902,0.39679113
903,1.2872069
904,0.60173094
905,0.40059984
906,1.0811086
907,0.5619987
908,0.36160177
909,0.67029727
910,0.39850247
911,0.30174014
912,0.17172585
913,0.13905849
914,0.15156122
915,0.42269593
916,0.2561762
917,0.1611196
918,0.1283982
919,0.13647775
920,0.20367695
921,0.12398955
922,0.09636532
923,0.09190463
924,0.0640971
925,0.06279675
926,0.10938006
927,1.1474571
928,1.1025131
929,1.0328531
930,1.0861464
931,1.0466589
932,0.96869797
933,0.676214
934,0.64221984
935,0.551445
936,0.5289576
937,0.522389
938,0.469631
939,0.32996693
940,0.2794727
941,0.19212689
942,0.15394023
943,0.16281433
944,0.1785827
945,0.08104946
946,0.074681275
947,0.07454991
948,0.044584654
949,0.037418976
950,0.03509412
951,0.037288632
952,0.034430854
953,0.038214155
954,0.4489943
955,0.30645362
956,0.19529808
957,0.31808645
958,0.22615948
959,0.17747058
960,0.2892106
961,0.21241316
962,0.16570202
963,0.26935565
964,0.20100737
965,0.15475968
966,0.103995435
967,0.075231574
968,0.06743782
969,0.09251387
970,0.07702604
971,0.06703987
972,0.18313645
973,0.19596776
974,0.25964335
975,0.18146762
976,0.15719494
977,0.14935045
978,0.09526331
979,0.10206186
980,0.16448113
981,1.1658207
982,1.1098512
983,0.9793228
984,1.4938915
985,1.4350399
986,1.3450053
987,1.0038294
988,0.97812355
989,0.7650395
990,0.53227615
991,0.5468847
992,0.5183501
993,0.359276
994,0.41015446
995,0.2621631
996,0.22652206
997,0.24472906
998,0.26134732
999,0.09423284
1000,0.09578183
1001,0.10063198
1002,0.03891979
1003,0.0348357
1004,0.037039593
1005,0.037598997
1006,0.036171418
1007,0.04588147
1008,0.39518806
1009,0.3276348
1010,0.24953549
1011,0.3037681
1012,0.2024368
1013,0.17931332
1014,0.28372803
1015,0.20415005
1016,0.1709391
1017,0.26713553
1018,0.22722304
1019,0.19742244
1020,0.14815931
1021,0.07610869
1022,0.07693391
1023,0.11251139
1024,0.08814823
1025,0.07776649
1026,0.111957714
1027,0.11160551
1028,0.120336205
1029,0.0826329
1030,0.07983486
1031,0.07861839
1032,0.05912873
1033,0.06052315
1034,0.070444345
1035,1.0652686
1036,0.8905163
1037,0.736269
1038,1.0270095
1039,0.8249825
1040,0.5859692
1041,0.4712977
1042,0.45860973
1043,0.3674795
1044,0.46007976
1045,0.4124947
1046,0.31931302
1047,0.21445198
1048,0.1888744
1049,0.12299057
1050,0.13798982
1051,0.13247949
1052,0.11616543
1053,0.069483235
1054,0.07323562
1055,0.082199104
1056,0.044150427
1057,0.039224148
1058,0.04186924
1059,0.029866755
1060,0.031554956
1061,0.044811618
1062,0.37174928
1063,0.3504054
1064,0.29823986
1065,0.23693804
1066,0.24762031
1067,0.22358209
1068,0.18382847
1069,0.19107398
1070,0.1843435
1071,0.20659482
1072,0.20923188
1073,0.19477709
1074,0.13638052
1075,0.08971177
1076,0.07314057
1077,0.0633509
1078,0.06801277
1079,0.07508307
1080,0.07573524
1081,0.07815084
1082,0.08103914
1083,0.045400657
1084,0.04082787
1085,0.044438664
1086,0.036302414
1087,0.036720976
1088,0.05092686
1089,0.3242857
1090,0.31261373
1091,0.27203244
1092,0.30230573
1093,0.2924301
1094,0.24100438
1095,0.21532212
1096,0.22762984
1097,0.1987998
1098,0.19031702
1099,0.1972551
1100,0.16306987
1101,0.12186009
1102,0.088924184
1103,0.087058894
1104,0.08876796
1105,0.09197864
1106,0.08733174
1107,0.21456058
1108,0.20992279
1109,0.28055522
1110,0.23276784
1111,0.21275239
1112,0.17691234
1113,0.17234269
1114,0.17149642
1115,0.21761721
1116,1.114821
1117,1.1084745
1118,1.0715575
1119,1.0997846
1120,1.0762959
1121,1.0625265
1122,0.87594694
1123,0.8278665
1124,0.76264554
1125,0.70986766
1126,0.6879298
1127,0.7226288
1128,0.507317
1129,0.41614068
1130,0.38333625
1131,0.34849742
1132,0.34995836
1133,0.36912367
1134,0.16461653
1135,0.1718296
1136,0.18356654
1137,0.149215
1138,0.13339263
1139,0.11832309
1140,0.10313604
1141,0.0982854
1142,0.1265008
1143,0.8400761
1144,0.7803071
1145,0.4921315
1146,0.79127365
1147,0.7054677
1148,0.45606035
1149,0.7286062
1150,0.64826614
1151,0.44997922
1152,0.5591343
1153,0.53124493
1154,0.4049331
1155,0.3081512
1156,0.2206767
1157,0.1937895
1158,0.28099757
1159,0.2543237
1160,0.20843616
1161,0.080551416
1162,0.07960121
1163,0.08731737
1164,0.057974696
1165,0.04843896
1166,0.052278955
1167,0.04853089
1168,0.045075566
1169,0.063162275
1170,0.33218047
1171,0.32255897
1172,0.3161562
1173,0.35674456
1174,0.33974248
1175,0.29290363
1176,0.29262075
1177,0.28138268
1178,0.23770921
1179,0.2332749
1180,0.2201055
1181,0.15936787
1182,0.13761102
1183,0.12328174
1184,0.1138965
1185,0.10604407
1186,0.10155049
1187,0.10932972
1188,0.10820039
1189,0.12352258
1190,0.1380807
1191,0.06513156
1192,0.0759016
1193,0.07770042
1194,0.054391377
1195,0.057295147
1196,0.090873994
1197,0.8734146
1198,0.6682107
1199,0.5761991
1200,0.71692705
1201,0.5888269
1202,0.5332248
1203,0.38307244
1204,0.4018964
1205,0.380666
1206,0.43471724
1207,0.40561962
1208,0.3153211
1209,0.24256782
1210,0.21088651
1211,0.16403812
1212,0.1344296
1213,0.15186335
1214,0.15438502
1215,0.10187554
1216,0.10179374
1217,0.10415006
1218,0.0749563
1219,0.06805611
1220,0.0694829
1221,0.060659967
1222,0.059562642
1223,0.07150287
1224,0.54526275
1225,0.52216595
1226,0.42834222
1227,0.48251677
1228,0.4578257
1229,0.36824185
1230,0.42654496
1231,0.40292603
1232,0.3325748
1233,0.36892173
1234,0.3514467
1235,0.27665687
1236,0.18468823
1237,0.11522787
1238,0.12505668
1239,0.16584155
1240,0.15076968
1241,0.12817508
1242,0.1905978
1243,0.19153199
1244,0.20883398
1245,0.19643968
1246,0.18579607
1247,0.15883689
1248,0.15946671
1249,0.15696843
1250,0.20107682
1251,0.83537114
1252,0.83388555
1253,0.8123785
1254,0.84305745
1255,0.83354133
1256,0.8090691
1257,0.7637962
1258,0.7356452
1259,0.66543996
1260,0.64476544
1261,0.616664
1262,0.55567485
1263,0.42216277
1264,0.31103253
1265,0.30732372
1266,0.28610572
1267,0.2840359
1268,0.30063078
1269,0.081157655
1270,0.07513813
1271,0.08198057
1272,0.04972977
1273,0.040334024
1274,0.040264424
1275,0.038481183
1276,0.036467005
1277,0.05094894
1278,0.36197665
1279,0.28733078
1280,0.245581
1281,0.47654095
1282,0.3555966
1283,0.27252313
1284,0.24331206
1285,0.21480626
1286,0.17867725
1287,0.20350279
1288,0.19382787
1289,0.15173848
1290,0.11375836
1291,0.11381078
1292,0.09239401
1293,0.102884054
1294,0.09447184
1295,0.088510774
1296,0.066010065
1297,0.06363461
1298,0.05408945
1299,0.03743128
1300,0.035389815
1301,0.03141792
1302,0.035110578
1303,0.033799745
1304,0.041128993
1305,0.31050512
1306,0.281116
1307,0.18634462
1308,0.3117075
1309,0.2784584
1310,0.18251565
1311,0.22643313
1312,0.20051774
1313,0.14173935
1314,0.21088988
1315,0.18761045
1316,0.11078182
1317,0.08723267
1318,0.07995771
1319,0.07178144
1320,0.09597482
1321,0.090861246
1322,0.07221853
1323,0.07905513
1324,0.068838865
1325,0.066457585
1326,0.048891965
1327,0.040028322
1328,0.04054053
1329,0.04110521
1330,0.033982936
1331,0.040763527
1332,0.42049494
1333,0.27819848
1334,0.18134482
1335,0.40917945
1336,0.2624902
1337,0.18381453
1338,0.29587448
1339,0.21079178
1340,0.15107645
1341,0.2472928
1342,0.18928525
1343,0.12719539
1344,0.09562958
1345,0.07825493
1346,0.070222035
1347,0.099438064
1348,0.07339339
1349,0.067955464
1350,0.1764558
1351,0.19324441
1352,0.2687563
1353,0.16993311
1354,0.16611949
1355,0.13170707
1356,0.103606425
1357,0.103216335
1358,0.18012632
1359,1.2434083
1360,1.2166654
1361,1.1290245
1362,1.20545
1363,1.172567
1364,1.0263525
1365,0.92308754
1366,0.86298454
1367,0.7894442
1368,0.6979297
1369,0.6880849
1370,0.6022895
1371,0.50218886
1372,0.3904875
1373,0.3500029
1374,0.280943
1375,0.29188666
1376,0.30533522
1377,0.0902065
1378,0.092545785
1379,0.104879975
1380,0.06553713
1381,0.063210964
1382,0.06141324
1383,0.04458716
1384,0.044373054
1385,0.0654124
1386,0.3384899
1387,0.3271229
1388,0.26557073
1389,0.34853685
1390,0.31902695
1391,0.2439894
1392,0.2946132
1393,0.2736318
1394,0.18877243
1395,0.20823878
1396,0.20865515
1397,0.2081475
1398,0.14426701
1399,0.12268536
1400,0.1104068
1401,0.12829202
1402,0.12263567
1403,0.110515185
1404,0.2212192
1405,0.21998417
1406,0.26289812
1407,0.23779048
1408,0.23372637
1409,0.14983842
1410,0.12606832
1411,0.12669969
1412,0.18893273
1413,1.5201538
1414,1.4987656
1415,1.4742011
1416,1.4522028
1417,1.4490587
1418,1.4269426
1419,1.1928047
1420,1.0837406
1421,1.0532686
1422,0.95343494
1423,0.941193
1424,0.75798935
1425,0.57004684
1426,0.45485297
1427,0.39862368
1428,0.346015
1429,0.34591466
1430,0.3666752
1431,0.11246482
1432,0.11568729
1433,0.1324481
1434,0.06379195
1435,0.05456617
1436,0.05115792
1437,0.04860314
1438,0.04323183
1439,0.0722045
1440,0.4129159
1441,0.39750198
1442,0.34079173
1443,0.38005072
1444,0.36144358
1445,0.3113641
1446,0.34757006
1447,0.31459817
1448,0.2847141
1449,0.32424578
1450,0.2962264
1451,0.28319263
1452,0.2153793
1453,0.1460583
1454,0.11764283
1455,0.12415363
1456,0.1124317
1457,0.117339104
1458,0.13267249
1459,0.14042084
1460,0.1537498
1461,0.0692541
1462,0.078113005
1463,0.07196822
1464,0.044451
1465,0.051216353
1466,0.070290856
1467,0.57493234
1468,0.5303868
1469,0.37757552
1470,1.0636501
1471,0.76647997
1472,0.50838953
1473,0.43058363
1474,0.40717605
1475,0.31513357
1476,0.35144067
1477,0.3550491
1478,0.2976991
1479,0.19142085
1480,0.14389175
1481,0.115812875
1482,0.1016176
1483,0.12019043
1484,0.1113733
1485,0.1200663
1486,0.11775582
1487,0.10824783
1488,0.053937852
1489,0.05073567
1490,0.04762907
1491,0.048447672
1492,0.045190975
1493,0.048762567
1494,0.6647862
1495,0.37047392
1496,0.24547377
1497,0.7581082
1498,0.34428954
1499,0.2928477
1500,0.5438381
1501,0.3436985
1502,0.21262255
1503,0.35742506
1504,0.27285963
1505,0.17741242
1506,0.107178666
1507,0.08495297
1508,0.09188194
1509,0.13061367
1510,0.10905511
1511,0.0928597
1512,0.10765208
1513,0.10507023
1514,0.10102356
1515,0.10089959
1516,0.08954454
1517,0.0816764
1518,0.07876418
1519,0.06646068
1520,0.07110642
1521,0.5482577
1522,0.36870643
1523,0.28656453
1524,0.570226
1525,0.39056316
1526,0.2886032
1527,0.57610303
1528,0.39200684
1529,0.25795364
1530,0.39563286
1531,0.2994632
1532,0.1803958
1533,0.1467786
1534,0.13935931
1535,0.13712129
1536,0.24141553
1537,0.17742313
1538,0.14161493
1539,0.09445052
1540,0.09564894
1541,0.0956916
1542,0.05873859
1543,0.060587883
1544,0.060038105
1545,0.046713773
1546,0.046666488
1547,0.05818262
1548,0.5340406
1549,0.45304644
1550,0.35343918
1551,0.4909505
1552,0.42054352
1553,0.31814957
1554,0.36451524
1555,0.34403887
1556,0.26095924
1557,0.33208495
1558,0.31157652
1559,0.2117623
1560,0.13065359
1561,0.09021455
1562,0.08766138
1563,0.12302783
1564,0.115221776
1565,0.09116947
1566,0.10983759
1567,0.105410315
1568,0.11023884
1569,0.09257034
1570,0.083989136
1571,0.066409044
1572,0.07109769
1573,0.063297294
1574,0.07927468
1575,0.5709468
1576,0.39854398
1577,0.33071157
1578,0.61957777
1579,0.41959402
1580,0.32955202
1581,0.5524074
1582,0.35579345
1583,0.28131235
1584,0.36089352
1585,0.299198
1586,0.23734891
1587,0.18086848
1588,0.13485436
1589,0.12657656
1590,0.18679032
1591,0.15719895
1592,0.12636344
1593,0.1155069
1594,0.11606481
1595,0.11205169
1596,0.07812974
1597,0.07203475
1598,0.06565275
1599,0.06097675
1600,0.05915602
1601,0.05970989
1602,0.63837767
1603,0.34111568
1604,0.209314
1605,0.7887557
1606,0.43221062
1607,0.26865983
1608,0.6369042
1609,0.46945855
1610,0.2519013
1611,0.41432998
1612,0.3275322
1613,0.19260846
1614,0.1188343
1615,0.10520197
1616,0.08965888
1617,0.198326
1618,0.14459555
1619,0.093132116
1620,0.110949874
1621,0.1105813
1622,0.114021726
1623,0.0473708
1624,0.0466675
1625,0.0482792
1626,0.04108315
1627,0.042471144
1628,0.044763558
1629,0.40737447
1630,0.35347092
1631,0.32013017
1632,0.34738556
1633,0.3222665
1634,0.29483452
1635,0.25111684
1636,0.24297954
1637,0.1929063
1638,0.2737896
1639,0.27051997
1640,0.20588714
1641,0.15006678
1642,0.11029405
1643,0.08106974
1644,0.08748241
1645,0.091561414
1646,0.08006222
1647,0.09307639
1648,0.0935791
1649,0.11317903
1650,0.094074324
1651,0.089339346
1652,0.077497356
1653,0.06629047
1654,0.06781715
1655,0.09072628
1656,0.36057884
1657,0.36013013
1658,0.33211923
1659,0.34056142
1660,0.3318607
1661,0.28801057
1662,0.2669167
1663,0.26446933
1664,0.23601788
1665,0.22357707
1666,0.22550541
1667,0.20922628
1668,0.17023328
1669,0.14106217
1670,0.14171039
1671,0.14618766
1672,0.14106339
1673,0.14434229
1674,0.12885377
1675,0.13129312
1676,0.13185683
1677,0.059856452
1678,0.052899607
1679,0.05123815
1680,0.045135178
1681,0.047346808
1682,0.06810095
1683,0.5310591
1684,0.50400406
1685,0.46637812
1686,0.46464494
1687,0.44846538
1688,0.42176762
1689,0.32745287
1690,0.3295972
1691,0.2898113
1692,0.37194726
1693,0.4044786
1694,0.3419926
1695,0.23240009
1696,0.1458381
1697,0.118445516
1698,0.11167986
1699,0.11324829
1700,0.11703699
1701,0.09145688
1702,0.09332041
1703,0.10133371
1704,0.08032518
1705,0.083603896
1706,0.0709027
1707,0.06505819
1708,0.06611891
1709,0.09302562
1710,0.58196515
1711,0.54059577
1712,0.52294743
1713,0.5875318
1714,0.5689622
1715,0.5323535
1716,0.46076176
1717,0.45096627
1718,0.32688108
1719,0.3674496
1720,0.35328972
1721,0.23858216
1722,0.17642987
1723,0.16622923
1724,0.14872524
1725,0.14954714
1726,0.152032
1727,0.13915984
1728,0.13074188
1729,0.1279178
1730,0.12928542
1731,0.08433177
1732,0.07481023
1733,0.08052696
1734,0.053899128
1735,0.051727902
1736,0.068088986
1737,0.86917245
1738,0.7043014
1739,0.59583914
1740,0.6950947
1741,0.62818134
1742,0.51443654
1743,0.51449305
1744,0.48981047
1745,0.40858036
1746,0.39849365
1747,0.37899414
1748,0.27837425
1749,0.18308465
1750,0.16226992
1751,0.12583643
1752,0.1482981
1753,0.13714758
1754,0.12239974
1755,0.10040139
1756,0.10207845
1757,0.110029615
1758,0.043060012
1759,0.044462033
1760,0.044989735
1761,0.03432244
1762,0.039175294
1763,0.048332386
1764,0.62676704
1765,0.5241846
1766,0.383751
1767,1.0196981
1768,0.72909546
1769,0.49799153
1770,0.48595107
1771,0.4359248
1772,0.32564223
1773,0.30723548
1774,0.27627295
1775,0.198237
1776,0.13033836
1777,0.13316923
1778,0.10759599
1779,0.11487821
1780,0.12160275
1781,0.10288938
1782,0.12072834
1783,0.11357719
1784,0.117447436
1785,0.0902005
1786,0.08787152
1787,0.08830074
1788,0.073895596
1789,0.06468137
1790,0.079497464
1791,0.9047305
1792,0.6836211
1793,0.57285595
1794,0.75807256
1795,0.6129859
1796,0.5456108
1797,0.5397073
1798,0.4165417
1799,0.3369324
1800,0.43318453
1801,0.31520104
1802,0.2624734
1803,0.20731455
1804,0.18522355
1805,0.16858283
1806,0.19822428
1807,0.17277656
1808,0.16111325
1809,0.1055602
1810,0.10280767
1811,0.10118812
1812,0.056359727
1813,0.055499557
1814,0.056890503
1815,0.04414525
1816,0.04435309
1817,0.04861836
1818,1.0319362
1819,0.50737894
1820,0.31165317
1821,0.92341995
1822,0.45755094
1823,0.31906477
1824,0.49274683
1825,0.34511802
1826,0.24696967
1827,0.41022038
1828,0.29156274
1829,0.18731225
1830,0.120526545
1831,0.08648772
1832,0.085215285
1833,0.12292743
1834,0.098190404
1835,0.08433934
1836,0.11048837
1837,0.110174164
1838,0.12788032
1839,0.07517576
1840,0.06521885
1841,0.06323601
1842,0.05522214
1843,0.049219143
1844,0.0801353
1845,0.61934185
1846,0.5508462
1847,0.47030565
1848,0.49277565
1849,0.4764165
1850,0.33502364
1851,0.2897581
1852,0.26141104
1853,0.25482392
1854,0.35207105
1855,0.30474946
1856,0.27444875
1857,0.21530178
1858,0.13736802
1859,0.12183619
1860,0.113583766
1861,0.11401661
1862,0.11370264
1863,0.16641374
1864,0.17178315
1865,0.16601822
1866,0.11635474
1867,0.111923054
1868,0.10294791
1869,0.07086595
1870,0.07663177
1871,0.092446335
1872,0.8421154
1873,0.65008044
1874,0.4132267
1875,1.0370551
1876,0.72597176
1877,0.39351827
1878,0.77213514
1879,0.677737
1880,0.37778974
1881,0.66917145
1882,0.57845634
1883,0.3292084
1884,0.17303628
1885,0.096529864
1886,0.13302052
1887,0.19695896
1888,0.17078966
1889,0.13479838
1890,0.10069644
1891,0.109452724
1892,0.107513115
1893,0.06433569
1894,0.06804223
1895,0.060264263
1896,0.05015574
1897,0.051822424
1898,0.05729332
1899,0.47327286
1900,0.38070625
1901,0.2717475
1902,0.61279196
1903,0.50712955
1904,0.31295997
1905,0.48304933
1906,0.43292323
1907,0.28773415
1908,0.24541888
1909,0.25738993
1910,0.2047654
1911,0.12681137
1912,0.099898815
1913,0.1133756
1914,0.15670985
1915,0.14343305
1916,0.11732722
1917,0.19406298
1918,0.19387959
1919,0.20443703
1920,0.16540669
1921,0.16999646
1922,0.15751405
1923,0.12865774
1924,0.1215825
1925,0.19366123
1926,0.8071092
1927,0.7414277
1928,0.6827818
1929,0.844184
1930,0.80113566
1931,0.74997616
1932,0.7649151
1933,0.7259921
1934,0.66959596
1935,0.6332547
1936,0.5513507
1937,0.41616264
1938,0.364291
1939,0.3386178
1940,0.32627755
1941,0.34225902
1942,0.33162645
1943,0.32410154
1944,0.11198134
1945,0.11269487
1946,0.16275696
1947,0.07793629
1948,0.057825446
1949,0.05534047
1950,0.050814115
1951,0.045555905
1952,0.070495605
1953,0.4472525
1954,0.47805637
1955,0.43040118
1956,0.36658067
1957,0.38243243
1958,0.35148993
1959,0.29319495
1960,0.2982631
1961,0.27558222
1962,0.29536125
1963,0.29776606
1964,0.29689482
1965,0.2972648
1966,0.1629366
1967,0.12494692
1968,0.101597235
1969,0.10185419
1970,0.10926745
1971,0.16856247
1972,0.17633021
1973,0.21680796
1974,0.18375412
1975,0.17824939
1976,0.12371281
1977,0.10830535
1978,0.10666596
1979,0.15606649
1980,1.074056
1981,1.1421366
1982,0.9901766
1983,1.0142628
1984,1.0993464
1985,0.90596986
1986,0.8515666
1987,0.82738924
1988,0.75924855
1989,0.5901026
1990,0.63859063
1991,0.5446159
1992,0.39116347
1993,0.30668533
1994,0.28502524
1995,0.28766915
1996,0.28493887
1997,0.28258675
1998,0.17149897
1999,0.2079156
2000,0.18221419
2001,0.20740357
2002,0.20893112
2003,0.19098958
2004,0.15895511
2005,0.15513605
2006,0.17277642
2007,1.3182001
2008,1.2923654
2009,1.1641349
2010,1.3621887
2011,1.3356012
2012,1.1699427
2013,1.1887298
2014,1.0955043
2015,0.97762275
2016,0.9377164
2017,0.8262801
2018,0.5255418
2019,0.4132923
2020,0.41496548
2021,0.45128006
2022,0.49341863
2023,0.47874436
2024,0.44759092
2025,0.12529543
2026,0.12336344
2027,0.13406037
2028,0.09471799
2029,0.08765039
2030,0.07788721
2031,0.06580318
2032,0.058659412
2033,0.09013831
2034,0.7519843
2035,0.6498589
2036,0.5977619
2037,0.857834
2038,0.8772158
2039,0.6326047
2040,0.5230044
2041,0.46306416
2042,0.38031107
2043,0.41189295
2044,0.39739102
2045,0.349289
2046,0.2102137
2047,0.20353149
2048,0.1729599
2049,0.1941931
2050,0.17560925
2051,0.16589728
2052,0.08316004
2053,0.08716834
2054,0.09292419
2055,0.043013584
2056,0.037092127
2057,0.03997948
2058,0.038068715
2059,0.040401462
2060,0.052022
2061,0.31886166
2062,0.30658954
2063,0.25374702
2064,0.29747757
2065,0.28240103
2066,0.24393934
2067,0.25735798
2068,0.27455658
2069,0.23184815
2070,0.24631731
2071,0.23567456
2072,0.20722882
2073,0.13584422
2074,0.07861234
2075,0.09400746
2076,0.09240115
2077,0.09893077
2078,0.09369546
2079,0.07207728
2080,0.07239935
2081,0.086146824
2082,0.054876786
2083,0.06226741
2084,0.058190804
2085,0.06064265
2086,0.061782565
2087,0.07911732
2088,0.3313533
2089,0.30611998
2090,0.29165816
2091,0.35410494
2092,0.33222544
2093,0.29381222
2094,0.29356775
2095,0.28174666
2096,0.25015116
2097,0.22857144
2098,0.22010915
2099,0.15958856
2100,0.14740132
2101,0.12687357
2102,0.12552728
2103,0.121676244
2104,0.120825514
2105,0.12295133
2106,0.13911161
2107,0.13665096
2108,0.18430816
2109,0.12584975
2110,0.103809126
2111,0.09366727
2112,0.07782372
2113,0.08103555
2114,0.11600893
2115,0.6361909
2116,0.6524883
2117,0.57264614
2118,0.55435187
2119,0.5669294
2120,0.4977023
2121,0.39415225
2122,0.4200343
2123,0.39624512
2124,0.4043173
2125,0.40995097
2126,0.33478266
2127,0.29169986
2128,0.24520507
2129,0.18686981
2130,0.16456477
2131,0.17674187
2132,0.18038765
2133,0.11870478
2134,0.1159142
2135,0.11716809
2136,0.097018875
2137,0.08932004
2138,0.07796029
2139,0.07344656
2140,0.062666096
2141,0.07395131
2142,0.52917856
2143,0.45321152
2144,0.31651798
2145,0.6194695
2146,0.44828245
2147,0.39106566
2148,0.5802896
2149,0.42595685
2150,0.3543647
2151,0.39437792
2152,0.29823974
2153,0.21159749
2154,0.14777884
2155,0.13502252
2156,0.13652524
2157,0.22832365
2158,0.16333719
2159,0.14084277
2160,0.1303934
2161,0.12739529
2162,0.1594011
2163,0.10060268
2164,0.073512934
2165,0.07404319
2166,0.06492788
2167,0.06387068
2168,0.09395812
2169,0.70433474
2170,0.68909216
2171,0.6525868
2172,0.95187515
2173,0.9039669
2174,0.8113385
2175,0.42109302
2176,0.41544926
2177,0.32617718
2178,0.4824056
2179,0.4547218
2180,0.30799496
2181,0.25654152
2182,0.23139772
2183,0.12680276
2184,0.11615505
2185,0.11422606
2186,0.12111654
2187,0.080350496
2188,0.07801878
2189,0.08709869
2190,0.05001557
2191,0.047539104
2192,0.05082754
2193,0.042540636
2194,0.0433576
2195,0.051965885
2196,0.3198988
2197,0.24461994
2198,0.20548914
2199,0.26048434
2200,0.21736196
2201,0.19378631
2202,0.2234199
2203,0.19394107
2204,0.15886016
2205,0.23589142
2206,0.20233549
2207,0.1677663
2208,0.120221436
2209,0.095067136
2210,0.07391315
2211,0.082376175
2212,0.08137357
2213,0.07367874
2214,0.09778999
2215,0.09774025
2216,0.103270605
2217,0.07320913
2218,0.06780038
2219,0.06414679
2220,0.0596367
2221,0.059334837
2222,0.063731484
2223,0.49234527
2224,0.46280277
2225,0.38595688
2226,0.46569684
2227,0.4135419
2228,0.35356158
2229,0.40633443
2230,0.3519221
2231,0.30010134
2232,0.32482386
2233,0.2900725
2234,0.2355238
2235,0.16419046
2236,0.13498332
2237,0.12555908
2238,0.15710795
2239,0.13469209
2240,0.11900936
2241,0.0947886
2242,0.09764902
2243,0.11069087
2244,0.06948968
2245,0.07641854
2246,0.0781471
2247,0.06280777
2248,0.066002786
2249,0.08739062
2250,0.45637798
2251,0.43263355
2252,0.3831369
2253,0.43839717
2254,0.4141918
2255,0.36841604
2256,0.36048725
2257,0.35570794
2258,0.3217012
2259,0.30246657
2260,0.32475778
2261,0.25512332
2262,0.19314948
2263,0.15576823
2264,0.15760045
2265,0.15560707
2266,0.16236247
2267,0.15094765
2268,0.24373135
2269,0.23087984
2270,0.275255
2271,0.2722639
2272,0.22364375
2273,0.16549844
2274,0.13246764
2275,0.12591532
2276,0.19310324
2277,1.1926874
2278,1.0957441
2279,1.0611385
2280,1.6253618
2281,1.5266112
2282,1.4497612
2283,1.1382804
2284,1.0821705
2285,0.9514574
2286,0.85110474
2287,0.8654022
2288,0.73957103
2289,0.4808737
2290,0.65356266
2291,0.36623606
2292,0.38405955
2293,0.35296175
2294,0.35180858
2295,0.19124937
2296,0.19290629
2297,0.1522224
2298,0.20227432
2299,0.19264475
2300,0.16995384
2301,0.14089216
2302,0.15067218
2303,0.16708165
2304,1.1436911
2305,0.85985833
2306,0.528968
2307,1.1131177
2308,0.8874535
2309,0.6119011
2310,1.0053579
2311,0.83840126
2312,0.5564385
2313,0.7828697
2314,0.56770283
2315,0.31491044
2316,0.20746808
2317,0.20169604
2318,0.2155193
2319,0.32189426
2320,0.31236404
2321,0.22929887
2322,0.12689188
2323,0.12933025
2324,0.14643785
2325,0.11665561
2326,0.11350682
2327,0.115916155
2328,0.08762928
2329,0.08884321
2330,0.11585882
2331,0.7325836
2332,0.6399661
2333,0.505479
2334,0.6586975
2335,0.5937997
2336,0.49504623
2337,0.5088739
2338,0.48655254
2339,0.3984536
2340,0.41975367
2341,0.39440525
2342,0.3074161
2343,0.23195194
2344,0.18276368
2345,0.15979713
2346,0.16051039
2347,0.15902078
2348,0.16117628
2349,0.19947357
2350,0.21521741
2351,0.2182501
2352,0.20343888
2353,0.22428103
2354,0.20504962
2355,0.14012486
2356,0.15430145
2357,0.1907597
2358,1.6577424
2359,1.509555
2360,1.2540299
2361,1.6325656
2362,1.4933265
2363,1.2710997
2364,1.5335637
2365,1.2580307
2366,1.0543259
2367,1.0982145
2368,0.9532966
2369,0.6286679
2370,0.37076402
2371,0.34018764
2372,0.346831
2373,0.5169149
2374,0.38742277
2375,0.34487265
2376,0.13499324
2377,0.1369916
2378,0.13979253
2379,0.112896726
2380,0.11283837
2381,0.11270442
2382,0.0826142
2383,0.09263023
2384,0.1167869
2385,1.0127481
2386,0.5972094
2387,0.5333138
2388,0.9402048
2389,0.59031177
2390,0.5624703
2391,0.6324016
2392,0.52891654
2393,0.4365303
2394,0.57092094
2395,0.384195
2396,0.31290206
2397,0.21964677
2398,0.18113565
2399,0.20200616
2400,0.24878067
2401,0.23212306
2402,0.20459116
2403,0.21624678
2404,0.21714528
2405,0.19607274
2406,0.21803725
2407,0.2188067
2408,0.15207839
2409,0.15042478
2410,0.14898324
2411,0.17142627
2412,1.6020792
2413,1.3714819
2414,0.9783534
2415,1.5111202
2416,1.2789023
2417,0.87168205
2418,1.3751459
2419,1.1208589
2420,0.56614226
2421,1.1195327
2422,0.96828866
2423,0.40806696
2424,0.28368855
2425,0.2710132
2426,0.26803717
2427,0.4331576
2428,0.38544902
2429,0.2722944
2430,0.17002024
2431,0.1760787
2432,0.23172244
2433,0.19112526
2434,0.18461213
2435,0.13585551
2436,0.12388304
2437,0.12044894
2438,0.16690311
2439,1.1497154
2440,1.1421559
2441,1.0243962
2442,1.331385
2443,1.3344029
2444,1.1846844
2445,1.1844084
2446,1.1477128
2447,1.0206192
2448,0.66328007
2449,0.6538546
2450,0.5442484
2451,0.37997288
2452,0.34479824
2453,0.3193899
2454,0.31914386
2455,0.32418218
2456,0.31576568
2457,0.25511843
2458,0.26995102
2459,0.36091015
2460,0.3277329
2461,0.27001604
2462,0.19580112
2463,0.12967187
2464,0.13630456
2465,0.23894377
2466,1.4853499
2467,1.4209492
2468,1.3277965
2469,1.5686153
2470,1.5221486
2471,1.4129604
2472,1.279507
2473,1.2531272
2474,1.2001094
2475,0.9288182
2476,0.9933717
2477,0.9128072
2478,0.6539532
2479,0.54549426
2480,0.4274119
2481,0.39880186
2482,0.41395745
2483,0.40581602
2484,0.09485705
2485,0.088997535
2486,0.08890591
2487,0.04474568
2488,0.036901906
2489,0.03790086
2490,0.033544976
2491,0.030953865
2492,0.037428685
2493,0.40186635
2494,0.34535328
2495,0.28143054
2496,0.40661988
2497,0.32013994
2498,0.2634027
2499,0.24307244
2500,0.2261896
2501,0.17746289
2502,0.23951009
2503,0.23294778
2504,0.16819453
2505,0.10749869
2506,0.0773548
2507,0.07403181
2508,0.09557752
2509,0.08240503
2510,0.07123151
2511,0.115249805
2512,0.113461524
2513,0.106207475
2514,0.05869741
2515,0.054956637
2516,0.05306402
2517,0.052884035
2518,0.05380339
2519,0.057139907
2520,0.5256927
2521,0.40264428
2522,0.28058216
2523,0.5017308
2524,0.36304924
2525,0.27889726
2526,0.40191013
2527,0.32170498
2528,0.21278046
2529,0.3772832
2530,0.3101588
2531,0.22368222
2532,0.1527547
2533,0.08992522
2534,0.090615794
2535,0.124117926
2536,0.11346722
2537,0.09036473
2538,0.124396384
2539,0.12577952
2540,0.15301846
2541,0.10395377
2542,0.09064049
2543,0.09251027
2544,0.060253657
2545,0.060435355
2546,0.083675735
2547,0.40257004
2548,0.40147173
2549,0.3600308
2550,0.38170958
2551,0.3783452
2552,0.35914528
2553,0.278256
2554,0.28972948
2555,0.27661592
2556,0.24911727
2557,0.25404897
2558,0.24952021
2559,0.20595005
2560,0.16984312
2561,0.12676522
2562,0.11731498
2563,0.11767957
2564,0.1220599
2565,0.19863072
2566,0.21680643
2567,0.20991509
2568,0.18044035
2569,0.17734791
2570,0.15060972
2571,0.124603756
2572,0.121348396
2573,0.1361589
2574,1.6204354
2575,1.199076
2576,0.68219787
2577,1.5800962
2578,1.2210023
2579,0.6680625
2580,1.299826
2581,0.87382853
2582,0.5238183
2583,0.8915909
2584,0.7395854
2585,0.4308129
2586,0.2840613
2587,0.2240937
2588,0.21326621
2589,0.36330193
2590,0.30593228
2591,0.2205126
2592,0.077749774
2593,0.076549344
2594,0.08315634
2595,0.06011371
2596,0.057753135
2597,0.061463654
2598,0.046002444
2599,0.04558792
2600,0.06750775
2601,0.31558448
2602,0.2963778
2603,0.26879045
2604,0.3022425
2605,0.28429377
2606,0.24974106
2607,0.2531608
2608,0.23918101
2609,0.21203719
2610,0.20833834
2611,0.21301936
2612,0.18248092
2613,0.13445793
2614,0.109315485
2615,0.09913918
2616,0.10419622
2617,0.09906006
2618,0.09687147
2619,0.11618733
2620,0.11432802
2621,0.10644051
2622,0.1044493
2623,0.0925858
2624,0.08940993
2625,0.06659314
2626,0.07136073
2627,0.07564388
2628,0.580204
2629,0.47571
2630,0.2756107
2631,0.6126285
2632,0.5027811
2633,0.28142112
2634,0.5245071
2635,0.44622517
2636,0.25290906
2637,0.3412726
2638,0.3406744
2639,0.2147296
2640,0.13957487
2641,0.114425614
2642,0.11596281
2643,0.19294283
2644,0.17311248
2645,0.12420447
2646,0.08786689
2647,0.078078754
2648,0.06826003
2649,0.046893083
2650,0.037052717
2651,0.04192854
2652,0.04346217
2653,0.03662058
2654,0.04875333
2655,0.42862198
2656,0.26960403
2657,0.15493011
2658,0.38924518
2659,0.27843308
2660,0.18345541
2661,0.34528086
2662,0.22015832
2663,0.1674698
2664,0.26997173
2665,0.16862956
2666,0.12939973
2667,0.08768335
2668,0.07278979
2669,0.072885655
2670,0.11484194
2671,0.07955835
2672,0.07380953
2673,0.09065057
2674,0.08055346
2675,0.082805336
2676,0.06670895
2677,0.06473745
2678,0.060787518
2679,0.051340852
2680,0.04148018
2681,0.05621368
2682,0.6293007
2683,0.3720334
2684,0.23872188
2685,1.0359465
2686,0.5659656
2687,0.35703534
2688,0.5756243
2689,0.27830622
2690,0.23813665
2691,0.25076997
2692,0.18961453
2693,0.16750301
2694,0.12031867
2695,0.12908682
2696,0.10608023
2697,0.17417248
2698,0.11999324
2699,0.105802655
2700,0.11139167
2701,0.107463166
2702,0.10655605
2703,0.08611059
2704,0.07378029
2705,0.07419382
2706,0.07045837
2707,0.065430954
2708,0.07512268
2709,0.41980246
2710,0.34455073
2711,0.2852313
2712,0.36241814
2713,0.2664363
2714,0.23289257
2715,0.34465134
2716,0.24482816
2717,0.20428142
2718,0.30184585
2719,0.25097692
2720,0.21332407
2721,0.14510266
2722,0.10053766
2723,0.11181923
2724,0.18704443
2725,0.13922967
2726,0.1213908
2727,0.08903841
2728,0.086653
2729,0.07759415
2730,0.058921196
2731,0.050874233
2732,0.05039394
2733,0.053383805
2734,0.051666945
2735,0.055882897
2736,0.34412998
2737,0.2648653
2738,0.17588767
2739,0.34695488
2740,0.2766977
2741,0.2065269
2742,0.32394496
2743,0.25452486
2744,0.16958827
2745,0.20340365
2746,0.18709674
2747,0.113014996
2748,0.09450191
2749,0.082543746
2750,0.08161644
2751,0.11153203
2752,0.099967316
2753,0.07739351
2754,0.13443828
2755,0.13644785
2756,0.149751
2757,0.1229465
2758,0.11691479
2759,0.12696284
2760,0.08698761
2761,0.08866475
2762,0.094191
2763,1.0252254
2764,0.89218277
2765,0.7951127
2766,1.0024052
2767,0.8320272
2768,0.74374473
2769,0.71505123
2770,0.5128413
2771,0.45022407
2772,0.58649224
2773,0.51147956
2774,0.415216
2775,0.31908894
2776,0.29904324
2777,0.195592
2778,0.22854252
2779,0.19545877
2780,0.19367124
2781,0.14434579
2782,0.14337215
2783,0.17296079
2784,0.14381456
2785,0.12887539
2786,0.11129812
2787,0.09598242
2788,0.08838658
2789,0.10425982
2790,0.67886734
2791,0.6049636
2792,0.5189122
2793,0.68417746
2794,0.59711725
2795,0.47856167
2796,0.57688326
2797,0.49183345
2798,0.35111856
2799,0.44983247
2800,0.3854548
2801,0.37978658
2802,0.291712
2803,0.2058885
2804,0.19375502
2805,0.24499208
2806,0.22475226
2807,0.19795297
2808,0.09074956
2809,0.08371657
2810,0.08063398
2811,0.052619923
2812,0.040655807
2813,0.043709952
2814,0.03613994
2815,0.03519467
2816,0.04422641
2817,0.4287481
2818,0.38170606
2819,0.28725255
2820,0.38587683
2821,0.35837564
2822,0.2565421
2823,0.27674693
2824,0.26383683
2825,0.21305674
2826,0.26989266
2827,0.23524818
2828,0.18061388
2829,0.11885719
2830,0.083771415
2831,0.07501946
2832,0.090651505
2833,0.08475644
2834,0.07328308
2835,0.0969564
2836,0.10275107
2837,0.12949894
2838,0.06844791
2839,0.0702263
2840,0.064171396
2841,0.062270332
2842,0.063435405
2843,0.081952974
2844,0.4328937
2845,0.4285557
2846,0.3656434
2847,0.3275379
2848,0.32361886
2849,0.2830808
2850,0.3005973
2851,0.29627502
2852,0.25587255
2853,0.26352665
2854,0.2743608
2855,0.25479636
2856,0.20062917
2857,0.13992126
2858,0.1391571
2859,0.13668932
2860,0.14679472
2861,0.13844818
2862,0.12536348
2863,0.10846998
2864,0.095209114
2865,0.058194242
2866,0.051926363
2867,0.047576923
2868,0.038329016
2869,0.03547172
2870,0.0327661
2871,1.0534456
2872,0.5666035
2873,0.29470602
2874,0.82708305
2875,0.48289335
2876,0.31202635
2877,0.4421831
2878,0.29803076
2879,0.20502244
2880,0.5348562
2881,0.33466366
2882,0.20979756
2883,0.11312403
2884,0.08245731
2885,0.059392877
2886,0.118762806
2887,0.09781432
2888,0.062316716
2889,0.06955347
2890,0.06827994
2891,0.07175971
2892,0.04294924
2893,0.04263858
2894,0.0444594
2895,0.038980104
2896,0.039839964
2897,0.061387263
2898,0.28500012
2899,0.263998
2900,0.2287769
2901,0.28478077
2902,0.25864533
2903,0.2165296
2904,0.2334986
2905,0.21395837
2906,0.16385995
2907,0.18910065
2908,0.1720222
2909,0.14465468
2910,0.1387925
2911,0.10952046
2912,0.10731741
2913,0.10644467
2914,0.10302781
2915,0.101234056
2916,0.08886667
2917,0.08982439
2918,0.08622345
2919,0.045432325
2920,0.04452922
2921,0.04228894
2922,0.03285253
2923,0.03221512
2924,0.047801584
2925,0.33654723
2926,0.2856976
2927,0.2195582
2928,0.2789778
2929,0.23621029
2930,0.17880455
2931,0.20991935
2932,0.18090262
2933,0.14696196
2934,0.23446782
2935,0.19988368
2936,0.16130337
2937,0.12825148
2938,0.08600157
2939,0.07609452
2940,0.094302125
2941,0.079668164
2942,0.07548299
2943,0.17928961
2944,0.17440876
2945,0.20857611
2946,0.17584974
2947,0.15628591
2948,0.13583565
2949,0.10301617
2950,0.104574405
2951,0.13865724
2952,0.9631993
2953,0.8696967
2954,0.8481746
2955,1.4150109
2956,1.3129737
2957,1.2771108
2958,0.8713252
2959,0.81800216
2960,0.7487057
2961,0.6871024
2962,0.6457045
2963,0.49730086
2964,0.32137534
2965,0.35914776
2966,0.25565532
2967,0.24408433
2968,0.22864167
2969,0.23023319
2970,0.19312267
2971,0.19997853
2972,0.2233434
2973,0.20837569
2974,0.19112512
2975,0.16693914
2976,0.12216643
2977,0.12008259
2978,0.18018918
2979,1.272379
2980,1.0965903
2981,0.7290805
2982,1.3365507
2983,1.2096593
2984,0.78264034
2985,1.0282187
2986,0.84297645
2987,0.6757892
2988,0.754212
2989,0.6569698
2990,0.45494157
2991,0.3006889
2992,0.2795619
2993,0.23403944
2994,0.3755972
2995,0.34377137
2996,0.24313812
2997,0.15096876
2998,0.14866088
2999,0.19169778
3000,0.12021979
3001,0.10129745
3002,0.086734965
3003,0.077188104
3004,0.07924002
3005,0.10645562
3006,0.955232
3007,0.93065125
3008,0.8633798
3009,0.6932853
3010,0.68083227
3011,0.55611485
3012,0.45079067
3013,0.42155823
3014,0.39299384
3015,0.48695678
3016,0.48537537
3017,0.5013475
3018,0.39131594
3019,0.22946507
3020,0.18899785
3021,0.15990391
3022,0.15775372
3023,0.18241143
3024,0.14830263
3025,0.14675742
3026,0.17047335
3027,0.16023847
3028,0.16271971
3029,0.1688281
3030,0.11664716
3031,0.11218084
3032,0.1516795
3033,0.8599477
3034,0.78520983
3035,0.7166774
3036,0.896278
3037,0.84420407
3038,0.7446763
3039,0.7258455
3040,0.7426924
3041,0.62922
3042,0.52176696
3043,0.5023938
3044,0.4743587
3045,0.28367195
3046,0.2722674
3047,0.28635705
3048,0.30290097
3049,0.31073225
3050,0.29679278
3051,0.16936907
3052,0.16076797
3053,0.1329017
3054,0.16357781
3055,0.14358334
3056,0.1313686
3057,0.10751085
3058,0.1208586
3059,0.13606445
3060,1.089629
3061,0.65751797
3062,0.36516145
3063,0.981121
3064,0.6914852
3065,0.43747658
3066,1.0210949
3067,0.6284405
3068,0.42439798
3069,0.6128634
3070,0.50616103
3071,0.27436075
3072,0.18471262
3073,0.16818808
3074,0.17579843
3075,0.27140158
3076,0.2367874
3077,0.17778048
3078,0.1338746
3079,0.13751808
3080,0.12435874
3081,0.076949306
3082,0.07334894
3083,0.06564854
3084,0.055018142
3085,0.056711525
3086,0.05960479
3087,0.6749821
3088,0.52040094
3089,0.33931577
3090,0.80135435
3091,0.5328088
3092,0.3357746
3093,0.5674476
3094,0.45961472
3095,0.27978173
3096,0.3333881
3097,0.37030292
3098,0.25014198
3099,0.16461538
3100,0.085160054
3101,0.10248887
3102,0.15531236
3103,0.13265055
3104,0.10425766
3105,0.15577735
3106,0.16223814
3107,0.21664178
3108,0.16777258
3109,0.16510785
3110,0.1266461
3111,0.12341476
3112,0.120734796
3113,0.15684114
3114,0.79860705
3115,0.8314918
3116,0.6925449
3117,0.8356951
3118,0.8051883
3119,0.75915164
3120,0.61706287
3121,0.62127846
3122,0.5336253
3123,0.52815145
3124,0.5385283
3125,0.52931947
3126,0.4234704
3127,0.35498825
3128,0.32572058
3129,0.31581908
3130,0.30246848
3131,0.310964
3132,0.09331604
3133,0.093546934
3134,0.10043369
3135,0.05608762
3136,0.052536733
3137,0.048551627
3138,0.042747084
3139,0.041486558
3140,0.048154738
3141,0.44534382
3142,0.32104975
3143,0.25093675
3144,0.6531039
3145,0.46008965
3146,0.35377938
3147,0.36092988
3148,0.28436607
3149,0.20690414
3150,0.20982403
3151,0.19006704
3152,0.15965368
3153,0.11501736
3154,0.113041095
3155,0.0891926
3156,0.11143858
3157,0.10011322
3158,0.0882626
3159,0.12194463
3160,0.12925488
3161,0.1560426
3162,0.12490531
3163,0.09731354
3164,0.08938279
3165,0.07196093
3166,0.0792037
3167,0.09474961
3168,0.77636164
3169,0.71479374
3170,0.6808214
3171,1.1174123
3172,1.109841
3173,1.0270452
3174,0.70897424
3175,0.5377592
3176,0.45557916
3177,0.33688283
3178,0.34335065
3179,0.26553786
3180,0.26273727
3181,0.2910831
3182,0.24200995
3183,0.2427823
3184,0.24102114
3185,0.2375019
3186,0.108659156
3187,0.089337766
3188,0.10370423
3189,0.064793445
3190,0.050285645
3191,0.050988432
3192,0.053257145
3193,0.041049838
3194,0.06463206
3195,0.56199175
3196,0.45212293
3197,0.33938545
3198,0.5587201
3199,0.43217105
3200,0.32462
3201,0.3825527
3202,0.2771358
